uee,yee
0.00000000,45.56250000
9.93841124,45.00000000
14.97091174,50.00520833
19.52287626,55.00000000
23.90898546,60.00520833
28.32455826,65.00000000
32.78531329,70.00000000
37.43240611,75.00000000
40.92149893,80.02083333
44.60595957,85.02083333
49.40167205,89.99479167
53.71606827,95.00000000
