alpha, tau
1.18189800,36.97888849
