uee,yee
13.52209767,44.93750000
15.70533395,50.01041667
20.24224424,54.97916667
23.22494141,60.05729167
28.68341351,65.05729167
32.40074635,70.02083333
38.17763933,74.93750000
39.69556808,80.01562500
43.15542444,85.03125000
48.99814924,90.04687500
55.21862570,94.98958333
