alpha2, tau1, tau2
1.15909982,35.46280330,0.52229401
