alpha, tau
1.23874739,48.27898511
