uee,yee
4.34026092,39.99479167
9.22344923,45.00000000
13.44353056,50.00000000
17.18164706,55.01041667
21.10577997,60.00520833
25.21188513,65.00520833
28.82479668,70.01562500
32.91919661,75.01041667
37.16550191,80.00000000
41.06002649,85.00520833
45.16667207,90.00520833
49.41062164,95.00000000
