alpha, tau
1.17654722,33.12390678
