alpha2, tau1, tau2
1.22154621,46.86339274,0.63036489
