alpha2, tau1, tau2
1.15271780,31.53635790,0.85642788
